number,name,status
1,PEP Purpose and Guidelines,"<dt class=""field-even"">Status<span class=""colon"">:</span></dt>"
246,Object Adaptation,"<dt class=""field-even"">Status<span class=""colon"">:</span></dt>"
251,Python 2.2 Release Schedule,"<dt class=""field-even"">Status<span class=""colon"">:</span></dt>"
248,Python Database API Specification v1.0,"<dt class=""field-odd"">Status<span class=""colon"">:</span></dt>"
247,API for Cryptographic Hash Functions,"<dt class=""field-even"">Status<span class=""colon"">:</span></dt>"
245,Python Interface Syntax,"<dt class=""field-even"">Status<span class=""colon"">:</span></dt>"
253,Subtyping Built-in Types,"<dt class=""field-even"">Status<span class=""colon"">:</span></dt>"
249,Python Database API Specification v2.0,"<dt class=""field-odd"">Status<span class=""colon"">:</span></dt>"
252,Making Types Look More Like Classes,"<dt class=""field-even"">Status<span class=""colon"">:</span></dt>"
250,Using site-packages on Windows,"<dt class=""field-even"">Status<span class=""colon"">:</span></dt>"
244,The ,"<dt class=""field-even"">Status<span class=""colon"">:</span></dt>"
240,Adding a Rational Literal to Python,"<dt class=""field-even"">Status<span class=""colon"">:</span></dt>"
241,Metadata for Python Software Packages,"<dt class=""field-odd"">Status<span class=""colon"">:</span></dt>"
239,Adding a Rational Type to Python,"<dt class=""field-even"">Status<span class=""colon"">:</span></dt>"
243,Module Repository Upload Mechanism,"<dt class=""field-odd"">Status<span class=""colon"">:</span></dt>"
242,Numeric Kinds,"<dt class=""field-even"">Status<span class=""colon"">:</span></dt>"
8103,2022 Term Steering Council election,"<dt class=""field-odd"">Status<span class=""colon"">:</span></dt>"
8104,2023 Term Steering Council election,"<dt class=""field-odd"">Status<span class=""colon"">:</span></dt>"
8016,The Steering Council Model,"<dt class=""field-even"">Status<span class=""colon"">:</span></dt>"
8101,2020 Term Steering Council election,"<dt class=""field-odd"">Status<span class=""colon"">:</span></dt>"
8015,Organization of the Python community,"<dt class=""field-even"">Status<span class=""colon"">:</span></dt>"
8102,2021 Term Steering Council election,"<dt class=""field-odd"">Status<span class=""colon"">:</span></dt>"
8100,January 2019 Steering Council election,"<dt class=""field-even"">Status<span class=""colon"">:</span></dt>"
8014,The Commons Governance Model,"<dt class=""field-even"">Status<span class=""colon"">:</span></dt>"
8012,The Community Governance Model,"<dt class=""field-even"">Status<span class=""colon"">:</span></dt>"
8013,The External Council Governance Model,"<dt class=""field-even"">Status<span class=""colon"">:</span></dt>"
8001,Python Governance Voting Process,"<dt class=""field-even"">Status<span class=""colon"">:</span></dt>"
8010,The Technical Leader Governance Model,"<dt class=""field-even"">Status<span class=""colon"">:</span></dt>"
8011,Python Governance Model Lead by Trio of Pythonistas,"<dt class=""field-even"">Status<span class=""colon"">:</span></dt>"
8002,Open Source Governance Survey,"<dt class=""field-even"">Status<span class=""colon"">:</span></dt>"
8000,Python Language Governance Proposal Overview,"<dt class=""field-even"">Status<span class=""colon"">:</span></dt>"
3333,Python Web Server Gateway Interface v1.0.1,"<dt class=""field-odd"">Status<span class=""colon"">:</span></dt>"
3155,Qualified name for classes and functions,"<dt class=""field-even"">Status<span class=""colon"">:</span></dt>"
3156,Asynchronous IO Support Rebooted: the “asyncio” Module,"<dt class=""field-even"">Status<span class=""colon"">:</span></dt>"
3148,futures - execute computations asynchronously,"<dt class=""field-even"">Status<span class=""colon"">:</span></dt>"
3150,Statement local namespaces (aka “given” clause),"<dt class=""field-even"">Status<span class=""colon"">:</span></dt>"
3154,Pickle protocol version 4,"<dt class=""field-even"">Status<span class=""colon"">:</span></dt>"
3147,PYC Repository Directories,"<dt class=""field-even"">Status<span class=""colon"">:</span></dt>"
3149,ABI version tagged .so files,"<dt class=""field-even"">Status<span class=""colon"">:</span></dt>"
3152,Cofunctions,"<dt class=""field-even"">Status<span class=""colon"">:</span></dt>"
3151,Reworking the OS and IO exception hierarchy,"<dt class=""field-odd"">Status<span class=""colon"">:</span></dt>"
3146,Merging Unladen Swallow into CPython,"<dt class=""field-even"">Status<span class=""colon"">:</span></dt>"
3142,Add a “while” clause to generator expressions,"<dt class=""field-even"">Status<span class=""colon"">:</span></dt>"
3144,IP Address Manipulation Library for the Python Standard Library,"<dt class=""field-even"">Status<span class=""colon"">:</span></dt>"
3143,Standard daemon process library,"<dt class=""field-even"">Status<span class=""colon"">:</span></dt>"
3141,A Type Hierarchy for Numbers,"<dt class=""field-even"">Status<span class=""colon"">:</span></dt>"
3145,Asynchronous I/O For subprocess.Popen,"<dt class=""field-even"">Status<span class=""colon"">:</span></dt>"
3153,Asynchronous IO support,"<dt class=""field-even"">Status<span class=""colon"">:</span></dt>"
3140,"str(container) should call str(item), not repr(item)","<dt class=""field-odd"">Status<span class=""colon"">:</span></dt>"
3139,Cleaning out sys and the “interpreter” module,"<dt class=""field-even"">Status<span class=""colon"">:</span></dt>"
3136,Labeled break and continue,"<dt class=""field-even"">Status<span class=""colon"">:</span></dt>"
3137,Immutable Bytes and Mutable Buffer,"<dt class=""field-even"">Status<span class=""colon"">:</span></dt>"
3138,String representation in Python 3000,"<dt class=""field-even"">Status<span class=""colon"">:</span></dt>"
3135,New Super,"<dt class=""field-even"">Status<span class=""colon"">:</span></dt>"
3134,Exception Chaining and Embedded Tracebacks,"<dt class=""field-even"">Status<span class=""colon"">:</span></dt>"
3133,Introducing Roles,"<dt class=""field-even"">Status<span class=""colon"">:</span></dt>"
3132,Extended Iterable Unpacking,"<dt class=""field-even"">Status<span class=""colon"">:</span></dt>"
3131,Supporting Non-ASCII Identifiers,"<dt class=""field-even"">Status<span class=""colon"">:</span></dt>"
3130,Access to Current Module/Class/Function,"<dt class=""field-even"">Status<span class=""colon"">:</span></dt>"
3129,Class Decorators,"<dt class=""field-even"">Status<span class=""colon"">:</span></dt>"
3126,Remove Implicit String Concatenation,"<dt class=""field-even"">Status<span class=""colon"">:</span></dt>"
3127,Integer Literal Support and Syntax,"<dt class=""field-odd"">Status<span class=""colon"">:</span></dt>"
3128,BList: A Faster List-like Type,"<dt class=""field-odd"">Status<span class=""colon"">:</span></dt>"
3125,Remove Backslash Continuation,"<dt class=""field-even"">Status<span class=""colon"">:</span></dt>"
3123,Making PyObject_HEAD conform to standard C,"<dt class=""field-even"">Status<span class=""colon"">:</span></dt>"
3122,Delineation of the main module,"<dt class=""field-even"">Status<span class=""colon"">:</span></dt>"
3124,"Overloading, Generic Functions, Interfaces, and Adaptation","<dt class=""field-odd"">Status<span class=""colon"">:</span></dt>"
3121,Extension Module Initialization and Finalization,"<dt class=""field-even"">Status<span class=""colon"">:</span></dt>"
3120,Using UTF-8 as the default source encoding,"<dt class=""field-even"">Status<span class=""colon"">:</span></dt>"
3117,Postfix type declarations,"<dt class=""field-even"">Status<span class=""colon"">:</span></dt>"
3118,Revising the buffer protocol,"<dt class=""field-even"">Status<span class=""colon"">:</span></dt>"
3119,Introducing Abstract Base Classes,"<dt class=""field-even"">Status<span class=""colon"">:</span></dt>"
3116,New I/O,"<dt class=""field-even"">Status<span class=""colon"">:</span></dt>"
3115,Metaclasses in Python 3000,"<dt class=""field-even"">Status<span class=""colon"">:</span></dt>"
3113,Removal of Tuple Parameter Unpacking,"<dt class=""field-even"">Status<span class=""colon"">:</span></dt>"
3114,Renaming iterator.next() to iterator.__next__(),"<dt class=""field-even"">Status<span class=""colon"">:</span></dt>"
3112,Bytes literals in Python 3000,"<dt class=""field-even"">Status<span class=""colon"">:</span></dt>"
3109,Raising Exceptions in Python 3000,"<dt class=""field-even"">Status<span class=""colon"">:</span></dt>"
3110,Catching Exceptions in Python 3000,"<dt class=""field-even"">Status<span class=""colon"">:</span></dt>"
3111,Simple input built-in in Python 3000,"<dt class=""field-even"">Status<span class=""colon"">:</span></dt>"
3108,Standard Library Reorganization,"<dt class=""field-even"">Status<span class=""colon"">:</span></dt>"
3105,Make print a function,"<dt class=""field-even"">Status<span class=""colon"">:</span></dt>"
3106,"Revamping dict.keys(), .values() and .items()","<dt class=""field-even"">Status<span class=""colon"">:</span></dt>"
3104,Access to Names in Outer Scopes,"<dt class=""field-even"">Status<span class=""colon"">:</span></dt>"
3107,Function Annotations,"<dt class=""field-even"">Status<span class=""colon"">:</span></dt>"
3103,A Switch/Case Statement,"<dt class=""field-even"">Status<span class=""colon"">:</span></dt>"
3100,Miscellaneous Python 3.0 Plans,"<dt class=""field-even"">Status<span class=""colon"">:</span></dt>"
3099,Things that will Not Change in Python 3000,"<dt class=""field-even"">Status<span class=""colon"">:</span></dt>"
3102,Keyword-Only Arguments,"<dt class=""field-even"">Status<span class=""colon"">:</span></dt>"
3101,Advanced String Formatting,"<dt class=""field-even"">Status<span class=""colon"">:</span></dt>"
3002,Procedure for Backwards-Incompatible Changes,"<dt class=""field-even"">Status<span class=""colon"">:</span></dt>"
3003,Python Language Moratorium,"<dt class=""field-even"">Status<span class=""colon"">:</span></dt>"
3000,Python 3000,"<dt class=""field-even"">Status<span class=""colon"">:</span></dt>"
3001,Procedure for reviewing and improving standard library modules,"<dt class=""field-even"">Status<span class=""colon"">:</span></dt>"
801,Reserved,"<dt class=""field-even"">Status<span class=""colon"">:</span></dt>"
754,IEEE 754 Floating Point Special Values,"<dt class=""field-even"">Status<span class=""colon"">:</span></dt>"
709,Inlined comprehensions,"<dt class=""field-even"">Status<span class=""colon"">:</span></dt>"
707,A simplified signature for __exit__ and __aexit__,"<dt class=""field-odd"">Status<span class=""colon"">:</span></dt>"
704,Require virtual environments by default for package installers,"<dt class=""field-odd"">Status<span class=""colon"">:</span></dt>"
708,Extending the Repository API to Mitigate Dependency Confusion Attacks,"<dt class=""field-even"">Status<span class=""colon"">:</span></dt>"
703,Making the Global Interpreter Lock Optional in CPython,"<dt class=""field-even"">Status<span class=""colon"">:</span></dt>"
706,Filter for tarfile.extractall,"<dt class=""field-odd"">Status<span class=""colon"">:</span></dt>"
699,Remove private dict version field added in PEP 509,"<dt class=""field-odd"">Status<span class=""colon"">:</span></dt>"
702,Marking deprecations using the type system,"<dt class=""field-odd"">Status<span class=""colon"">:</span></dt>"
701,Syntactic formalization of f-strings,"<dt class=""field-odd"">Status<span class=""colon"">:</span></dt>"
697,Limited C API for Extending Opaque Types,"<dt class=""field-odd"">Status<span class=""colon"">:</span></dt>"
700,Additional Fields for the Simple API for Package Indexes,"<dt class=""field-even"">Status<span class=""colon"">:</span></dt>"
698,Override Decorator for Static Typing,"<dt class=""field-even"">Status<span class=""colon"">:</span></dt>"
694,Upload 2.0 API for Python Package Repositories,"<dt class=""field-odd"">Status<span class=""colon"">:</span></dt>"
695,Type Parameter Syntax,"<dt class=""field-even"">Status<span class=""colon"">:</span></dt>"
696,Type defaults for TypeVarLikes,"<dt class=""field-even"">Status<span class=""colon"">:</span></dt>"
692,Using TypedDict for more precise **kwargs typing,"<dt class=""field-even"">Status<span class=""colon"">:</span></dt>"
693,Python 3.12 Release Schedule,"<dt class=""field-even"">Status<span class=""colon"">:</span></dt>"
691,JSON-based Simple API for Python Package Indexes,"<dt class=""field-even"">Status<span class=""colon"">:</span></dt>"
688,Making the buffer protocol accessible in Python,"<dt class=""field-odd"">Status<span class=""colon"">:</span></dt>"
686,Make UTF-8 mode default,"<dt class=""field-odd"">Status<span class=""colon"">:</span></dt>"
689,Unstable C API tier,"<dt class=""field-odd"">Status<span class=""colon"">:</span></dt>"
687,Isolating modules in the standard library,"<dt class=""field-odd"">Status<span class=""colon"">:</span></dt>"
685,Comparison of extra names for optional distribution dependencies,"<dt class=""field-even"">Status<span class=""colon"">:</span></dt>"
690,Lazy Imports,"<dt class=""field-even"">Status<span class=""colon"">:</span></dt>"
682,Format Specifier for Signed Zero,"<dt class=""field-odd"">Status<span class=""colon"">:</span></dt>"
681,Data Class Transforms,"<dt class=""field-even"">Status<span class=""colon"">:</span></dt>"
683,"Immortal Objects, Using a Fixed Refcount","<dt class=""field-odd"">Status<span class=""colon"">:</span></dt>"
684,A Per-Interpreter GIL,"<dt class=""field-odd"">Status<span class=""colon"">:</span></dt>"
680,tomllib: Support for Parsing TOML in the Standard Library,"<dt class=""field-even"">Status<span class=""colon"">:</span></dt>"
679,Allow parentheses in assert statements,"<dt class=""field-odd"">Status<span class=""colon"">:</span></dt>"
678,Enriching Exceptions with Notes,"<dt class=""field-even"">Status<span class=""colon"">:</span></dt>"
676,PEP Infrastructure Process,"<dt class=""field-odd"">Status<span class=""colon"">:</span></dt>"
674,Disallow using macros as l-values,"<dt class=""field-even"">Status<span class=""colon"">:</span></dt>"
677,Callable Type Syntax,"<dt class=""field-even"">Status<span class=""colon"">:</span></dt>"
675,Arbitrary Literal String Type,"<dt class=""field-even"">Status<span class=""colon"">:</span></dt>"
673,Self Type,"<dt class=""field-even"">Status<span class=""colon"">:</span></dt>"
671,Syntax for late-bound function argument defaults,"<dt class=""field-odd"">Status<span class=""colon"">:</span></dt>"
672,Unicode-related Security Considerations for Python,"<dt class=""field-even"">Status<span class=""colon"">:</span></dt>"
666,Reject Foolish Indentation,"<dt class=""field-even"">Status<span class=""colon"">:</span></dt>"
669,Low Impact Monitoring for CPython,"<dt class=""field-even"">Status<span class=""colon"">:</span></dt>"
668,Marking Python base environments as “externally managed”,"<dt class=""field-even"">Status<span class=""colon"">:</span></dt>"
667,Consistent views of namespaces,"<dt class=""field-even"">Status<span class=""colon"">:</span></dt>"
670,Convert macros to functions in the Python C API,"<dt class=""field-even"">Status<span class=""colon"">:</span></dt>"
665,A file format to list Python dependencies for reproducibility of an application,"<dt class=""field-even"">Status<span class=""colon"">:</span></dt>"
664,Python 3.11 Release Schedule,"<dt class=""field-even"">Status<span class=""colon"">:</span></dt>"
663,"Standardizing Enum str(), repr(), and format() behaviors","<dt class=""field-odd"">Status<span class=""colon"">:</span></dt>"
662,Editable installs via virtual wheels,"<dt class=""field-even"">Status<span class=""colon"">:</span></dt>"
661,Sentinel Values,"<dt class=""field-odd"">Status<span class=""colon"">:</span></dt>"
658,Serve Distribution Metadata in the Simple Repository API,"<dt class=""field-odd"">Status<span class=""colon"">:</span></dt>"
660,Editable installs for pyproject.toml based builds (wheel based),"<dt class=""field-even"">Status<span class=""colon"">:</span></dt>"
659,Specializing Adaptive Interpreter,"<dt class=""field-even"">Status<span class=""colon"">:</span></dt>"
653,Precise Semantics for Pattern Matching,"<dt class=""field-even"">Status<span class=""colon"">:</span></dt>"
654,Exception Groups and except*,"<dt class=""field-even"">Status<span class=""colon"">:</span></dt>"
655,Marking individual TypedDict items as required or potentially-missing,"<dt class=""field-even"">Status<span class=""colon"">:</span></dt>"
652,Maintaining the Stable ABI,"<dt class=""field-odd"">Status<span class=""colon"">:</span></dt>"
656,Platform Tag for Linux Distributions Using Musl,"<dt class=""field-odd"">Status<span class=""colon"">:</span></dt>"
651,Robust Stack Overflow Handling,"<dt class=""field-even"">Status<span class=""colon"">:</span></dt>"
657,Include Fine Grained Error Locations in Tracebacks,"<dt class=""field-odd"">Status<span class=""colon"">:</span></dt>"
650,Specifying Installer Requirements for Python Projects,"<dt class=""field-odd"">Status<span class=""colon"">:</span></dt>"
649,Deferred Evaluation Of Annotations Using Descriptors,"<dt class=""field-even"">Status<span class=""colon"">:</span></dt>"
648,Extensible customizations of the interpreter at startup,"<dt class=""field-even"">Status<span class=""colon"">:</span></dt>"
647,User-Defined Type Guards,"<dt class=""field-even"">Status<span class=""colon"">:</span></dt>"
643,Metadata for Package Source Distributions,"<dt class=""field-even"">Status<span class=""colon"">:</span></dt>"
644,Require OpenSSL 1.1.1 or newer,"<dt class=""field-odd"">Status<span class=""colon"">:</span></dt>"
642,Explicit Pattern Syntax for Structural Pattern Matching,"<dt class=""field-even"">Status<span class=""colon"">:</span></dt>"
645,Allow writing optional types as ,"<dt class=""field-odd"">Status<span class=""colon"">:</span></dt>"
646,Variadic Generics,"<dt class=""field-odd"">Status<span class=""colon"">:</span></dt>"
640,Unused variable syntax,"<dt class=""field-even"">Status<span class=""colon"">:</span></dt>"
637,Support for indexing with keyword arguments,"<dt class=""field-even"">Status<span class=""colon"">:</span></dt>"
638,Syntactic Macros,"<dt class=""field-odd"">Status<span class=""colon"">:</span></dt>"
641,Using an underscore in the version portion of Python 3.10 compatibility tags,"<dt class=""field-even"">Status<span class=""colon"">:</span></dt>"
635,Structural Pattern Matching: Motivation and Rationale,"<dt class=""field-even"">Status<span class=""colon"">:</span></dt>"
634,Structural Pattern Matching: Specification,"<dt class=""field-even"">Status<span class=""colon"">:</span></dt>"
636,Structural Pattern Matching: Tutorial,"<dt class=""field-odd"">Status<span class=""colon"">:</span></dt>"
639,Improving License Clarity with Better Package Metadata,"<dt class=""field-even"">Status<span class=""colon"">:</span></dt>"
631,Dependency specification in pyproject.toml based on PEP 508,"<dt class=""field-even"">Status<span class=""colon"">:</span></dt>"
633,Dependency specification in pyproject.toml using an exploded TOML table,"<dt class=""field-even"">Status<span class=""colon"">:</span></dt>"
632,Deprecate distutils module,"<dt class=""field-odd"">Status<span class=""colon"">:</span></dt>"
628,Add ,"<dt class=""field-even"">Status<span class=""colon"">:</span></dt>"
627,Recording installed projects,"<dt class=""field-even"">Status<span class=""colon"">:</span></dt>"
629,Versioning PyPI’s Simple API,"<dt class=""field-even"">Status<span class=""colon"">:</span></dt>"
630,Isolating Extension Modules,"<dt class=""field-odd"">Status<span class=""colon"">:</span></dt>"
625,Filename of a Source Distribution,"<dt class=""field-even"">Status<span class=""colon"">:</span></dt>"
623,Remove wstr from Unicode,"<dt class=""field-even"">Status<span class=""colon"">:</span></dt>"
626,Precise line numbers for debugging and other tools.,"<dt class=""field-odd"">Status<span class=""colon"">:</span></dt>"
624,Remove Py_UNICODE encoder APIs,"<dt class=""field-even"">Status<span class=""colon"">:</span></dt>"
622,Structural Pattern Matching,"<dt class=""field-even"">Status<span class=""colon"">:</span></dt>"
619,Python 3.10 Release Schedule,"<dt class=""field-even"">Status<span class=""colon"">:</span></dt>"
620,Hide implementation details from the C API,"<dt class=""field-even"">Status<span class=""colon"">:</span></dt>"
621,Storing project metadata in pyproject.toml,"<dt class=""field-odd"">Status<span class=""colon"">:</span></dt>"
618,Add Optional Length-Checking To zip,"<dt class=""field-even"">Status<span class=""colon"">:</span></dt>"
617,New PEG parser for CPython,"<dt class=""field-odd"">Status<span class=""colon"">:</span></dt>"
616,String methods to remove prefixes and suffixes,"<dt class=""field-odd"">Status<span class=""colon"">:</span></dt>"
615,Support for the IANA Time Zone Database in the Standard Library,"<dt class=""field-odd"">Status<span class=""colon"">:</span></dt>"
614,Relaxing Grammar Restrictions On Decorators,"<dt class=""field-odd"">Status<span class=""colon"">:</span></dt>"
613,Explicit Type Aliases,"<dt class=""field-even"">Status<span class=""colon"">:</span></dt>"
612,Parameter Specification Variables,"<dt class=""field-odd"">Status<span class=""colon"">:</span></dt>"
608,Coordinated Python release,"<dt class=""field-even"">Status<span class=""colon"">:</span></dt>"
609,Python Packaging Authority (PyPA) Governance,"<dt class=""field-even"">Status<span class=""colon"">:</span></dt>"
611,The one million limit,"<dt class=""field-even"">Status<span class=""colon"">:</span></dt>"
610,Recording the Direct URL Origin of installed distributions,"<dt class=""field-odd"">Status<span class=""colon"">:</span></dt>"
606,Python Compatibility Version,"<dt class=""field-even"">Status<span class=""colon"">:</span></dt>"
607,Reducing CPython’s Feature Delivery Latency,"<dt class=""field-odd"">Status<span class=""colon"">:</span></dt>"
601,Forbid return/break/continue breaking out of finally,"<dt class=""field-even"">Status<span class=""colon"">:</span></dt>"
603,Adding a frozenmap type to collections,"<dt class=""field-odd"">Status<span class=""colon"">:</span></dt>"
602,Annual Release Cycle for Python,"<dt class=""field-even"">Status<span class=""colon"">:</span></dt>"
604,Allow writing union types as ,"<dt class=""field-odd"">Status<span class=""colon"">:</span></dt>"
605,A rolling feature release stream for CPython,"<dt class=""field-odd"">Status<span class=""colon"">:</span></dt>"
599,The manylinux2014 Platform Tag,"<dt class=""field-odd"">Status<span class=""colon"">:</span></dt>"
600,Future ‘manylinux’ Platform Tags for Portable Linux Built Distributions,"<dt class=""field-odd"">Status<span class=""colon"">:</span></dt>"
598,Introducing incremental feature releases,"<dt class=""field-odd"">Status<span class=""colon"">:</span></dt>"
596,Python 3.9 Release Schedule,"<dt class=""field-odd"">Status<span class=""colon"">:</span></dt>"
594,Removing dead batteries from the standard library,"<dt class=""field-odd"">Status<span class=""colon"">:</span></dt>"
597,Add optional EncodingWarning,"<dt class=""field-even"">Status<span class=""colon"">:</span></dt>"
595,Improving bugs.python.org,"<dt class=""field-odd"">Status<span class=""colon"">:</span></dt>"
593,Flexible function and variable annotations,"<dt class=""field-even"">Status<span class=""colon"">:</span></dt>"
592,Adding “Yank” Support to the Simple API,"<dt class=""field-even"">Status<span class=""colon"">:</span></dt>"
589,TypedDict: Type Hints for Dictionaries with a Fixed Set of Keys,"<dt class=""field-odd"">Status<span class=""colon"">:</span></dt>"
590,Vectorcall: a fast calling protocol for CPython,"<dt class=""field-odd"">Status<span class=""colon"">:</span></dt>"
588,GitHub Issues Migration Plan,"<dt class=""field-even"">Status<span class=""colon"">:</span></dt>"
591,Adding a final qualifier to typing,"<dt class=""field-even"">Status<span class=""colon"">:</span></dt>"
587,Python Initialization Configuration,"<dt class=""field-even"">Status<span class=""colon"">:</span></dt>"
586,Literal Types,"<dt class=""field-even"">Status<span class=""colon"">:</span></dt>"
585,Type Hinting Generics In Standard Collections,"<dt class=""field-odd"">Status<span class=""colon"">:</span></dt>"
584,Add Union Operators To dict,"<dt class=""field-odd"">Status<span class=""colon"">:</span></dt>"
583,A Concurrency Memory Model for Python,"<dt class=""field-even"">Status<span class=""colon"">:</span></dt>"
582,Python local packages directory,"<dt class=""field-odd"">Status<span class=""colon"">:</span></dt>"
581,Using GitHub Issues for CPython,"<dt class=""field-even"">Status<span class=""colon"">:</span></dt>"
580,The C call protocol,"<dt class=""field-odd"">Status<span class=""colon"">:</span></dt>"
578,Python Runtime Audit Hooks,"<dt class=""field-odd"">Status<span class=""colon"">:</span></dt>"
577,Augmented Assignment Expressions,"<dt class=""field-even"">Status<span class=""colon"">:</span></dt>"
579,Refactoring C functions and methods,"<dt class=""field-odd"">Status<span class=""colon"">:</span></dt>"
576,Rationalize Built-in function classes,"<dt class=""field-odd"">Status<span class=""colon"">:</span></dt>"
574,Pickle protocol 5 with out-of-band data,"<dt class=""field-odd"">Status<span class=""colon"">:</span></dt>"
575,Unifying function/method classes,"<dt class=""field-even"">Status<span class=""colon"">:</span></dt>"
571,The manylinux2010 Platform Tag,"<dt class=""field-even"">Status<span class=""colon"">:</span></dt>"
573,Module State Access from C Extension Methods,"<dt class=""field-even"">Status<span class=""colon"">:</span></dt>"
572,Assignment Expressions,"<dt class=""field-even"">Status<span class=""colon"">:</span></dt>"
570,Python Positional-Only Parameters,"<dt class=""field-even"">Status<span class=""colon"">:</span></dt>"
569,Python 3.8 Release Schedule,"<dt class=""field-even"">Status<span class=""colon"">:</span></dt>"
568,Generator-sensitivity for Context Variables,"<dt class=""field-even"">Status<span class=""colon"">:</span></dt>"
567,Context Variables,"<dt class=""field-even"">Status<span class=""colon"">:</span></dt>"
564,Add new time functions with nanosecond resolution,"<dt class=""field-even"">Status<span class=""colon"">:</span></dt>"
566,Metadata for Python Software Packages 2.1,"<dt class=""field-even"">Status<span class=""colon"">:</span></dt>"
565,Show DeprecationWarning in __main__,"<dt class=""field-even"">Status<span class=""colon"">:</span></dt>"
562,Module __getattr__ and __dir__,"<dt class=""field-even"">Status<span class=""colon"">:</span></dt>"
563,Postponed Evaluation of Annotations,"<dt class=""field-odd"">Status<span class=""colon"">:</span></dt>"
561,Distributing and Packaging Type Information,"<dt class=""field-even"">Status<span class=""colon"">:</span></dt>"
559,Built-in noop(),"<dt class=""field-even"">Status<span class=""colon"">:</span></dt>"
554,Multiple Interpreters in the Stdlib,"<dt class=""field-odd"">Status<span class=""colon"">:</span></dt>"
560,Core support for typing module and generic types,"<dt class=""field-even"">Status<span class=""colon"">:</span></dt>"
558,Defined semantics for locals(),"<dt class=""field-even"">Status<span class=""colon"">:</span></dt>"
557,Data Classes,"<dt class=""field-even"">Status<span class=""colon"">:</span></dt>"
555,Context-local variables (contextvars),"<dt class=""field-even"">Status<span class=""colon"">:</span></dt>"
553,Built-in breakpoint(),"<dt class=""field-even"">Status<span class=""colon"">:</span></dt>"
552,Deterministic pycs,"<dt class=""field-even"">Status<span class=""colon"">:</span></dt>"
556,Threaded garbage collection,"<dt class=""field-even"">Status<span class=""colon"">:</span></dt>"
551,Security transparency in the Python runtime,"<dt class=""field-even"">Status<span class=""colon"">:</span></dt>"
548,More Flexible Loop Control,"<dt class=""field-even"">Status<span class=""colon"">:</span></dt>"
549,Instance Descriptors,"<dt class=""field-odd"">Status<span class=""colon"">:</span></dt>"
550,Execution Context,"<dt class=""field-even"">Status<span class=""colon"">:</span></dt>"
547,Running extension modules using the -m option,"<dt class=""field-even"">Status<span class=""colon"">:</span></dt>"
546,Backport ssl.MemoryBIO and ssl.SSLObject to Python 2.7,"<dt class=""field-odd"">Status<span class=""colon"">:</span></dt>"
545,Python Documentation Translations,"<dt class=""field-even"">Status<span class=""colon"">:</span></dt>"
544,Protocols: Structural subtyping (static duck typing),"<dt class=""field-even"">Status<span class=""colon"">:</span></dt>"
543,A Unified TLS API for Python,"<dt class=""field-even"">Status<span class=""colon"">:</span></dt>"
542,Dot Notation Assignment In Function Header,"<dt class=""field-even"">Status<span class=""colon"">:</span></dt>"
541,Package Index Name Retention,"<dt class=""field-even"">Status<span class=""colon"">:</span></dt>"
539,A New C-API for Thread-Local Storage in CPython,"<dt class=""field-odd"">Status<span class=""colon"">:</span></dt>"
540,Add a new UTF-8 Mode,"<dt class=""field-odd"">Status<span class=""colon"">:</span></dt>"
538,Coercing the legacy C locale to a UTF-8 based locale,"<dt class=""field-odd"">Status<span class=""colon"">:</span></dt>"
537,Python 3.7 Release Schedule,"<dt class=""field-even"">Status<span class=""colon"">:</span></dt>"
535,Rich comparison chaining,"<dt class=""field-even"">Status<span class=""colon"">:</span></dt>"
536,Final Grammar for Literal String Interpolation,"<dt class=""field-even"">Status<span class=""colon"">:</span></dt>"
534,Improved Errors for Missing Standard Library Modules,"<dt class=""field-even"">Status<span class=""colon"">:</span></dt>"
533,Deterministic cleanup for iterators,"<dt class=""field-odd"">Status<span class=""colon"">:</span></dt>"
532,A circuit breaking protocol and binary operators,"<dt class=""field-even"">Status<span class=""colon"">:</span></dt>"
531,Existence checking operators,"<dt class=""field-even"">Status<span class=""colon"">:</span></dt>"
528,Change Windows console encoding to UTF-8,"<dt class=""field-even"">Status<span class=""colon"">:</span></dt>"
529,Change Windows filesystem encoding to UTF-8,"<dt class=""field-even"">Status<span class=""colon"">:</span></dt>"
530,Asynchronous Comprehensions,"<dt class=""field-odd"">Status<span class=""colon"">:</span></dt>"
527,Removing Un(der)used file types/extensions on PyPI,"<dt class=""field-even"">Status<span class=""colon"">:</span></dt>"
525,Asynchronous Generators,"<dt class=""field-odd"">Status<span class=""colon"">:</span></dt>"
526,Syntax for Variable Annotations,"<dt class=""field-even"">Status<span class=""colon"">:</span></dt>"
524,Make os.urandom() blocking on Linux,"<dt class=""field-even"">Status<span class=""colon"">:</span></dt>"
523,Adding a frame evaluation API to CPython,"<dt class=""field-even"">Status<span class=""colon"">:</span></dt>"
522,Allow BlockingIOError in security sensitive APIs,"<dt class=""field-even"">Status<span class=""colon"">:</span></dt>"
521,Managing global context via ‘with’ blocks in generators and coroutines,"<dt class=""field-even"">Status<span class=""colon"">:</span></dt>"
519,Adding a file system path protocol,"<dt class=""field-even"">Status<span class=""colon"">:</span></dt>"
520,Preserving Class Attribute Definition Order,"<dt class=""field-even"">Status<span class=""colon"">:</span></dt>"
518,Specifying Minimum Build System Requirements for Python Projects,"<dt class=""field-even"">Status<span class=""colon"">:</span></dt>"
517,A build-system independent format for source trees,"<dt class=""field-even"">Status<span class=""colon"">:</span></dt>"
516,Build system abstraction for pip/conda etc,"<dt class=""field-even"">Status<span class=""colon"">:</span></dt>"
514,Python registration in the Windows registry,"<dt class=""field-odd"">Status<span class=""colon"">:</span></dt>"
515,Underscores in Numeric Literals,"<dt class=""field-even"">Status<span class=""colon"">:</span></dt>"
513,A Platform Tag for Portable Linux Built Distributions,"<dt class=""field-even"">Status<span class=""colon"">:</span></dt>"
508,Dependency specification for Python Software Packages,"<dt class=""field-even"">Status<span class=""colon"">:</span></dt>"
509,Add a private version to dict,"<dt class=""field-even"">Status<span class=""colon"">:</span></dt>"
512,Migrating from hg.python.org to GitHub,"<dt class=""field-odd"">Status<span class=""colon"">:</span></dt>"
510,Specialize functions with guards,"<dt class=""field-even"">Status<span class=""colon"">:</span></dt>"
511,API for code transformers,"<dt class=""field-even"">Status<span class=""colon"">:</span></dt>"
507,Migrate CPython to Git and GitLab,"<dt class=""field-even"">Status<span class=""colon"">:</span></dt>"
504,Using the System RNG by default,"<dt class=""field-even"">Status<span class=""colon"">:</span></dt>"
505,None-aware operators,"<dt class=""field-even"">Status<span class=""colon"">:</span></dt>"
506,Adding A Secrets Module To The Standard Library,"<dt class=""field-even"">Status<span class=""colon"">:</span></dt>"
503,Simple Repository API,"<dt class=""field-even"">Status<span class=""colon"">:</span></dt>"
501,General purpose string interpolation,"<dt class=""field-even"">Status<span class=""colon"">:</span></dt>"
502,String Interpolation - Extended Discussion,"<dt class=""field-even"">Status<span class=""colon"">:</span></dt>"
500,A protocol for delegating datetime methods to their tzinfo implementations,"<dt class=""field-odd"">Status<span class=""colon"">:</span></dt>"
499,,"<dt class=""field-odd"">Status<span class=""colon"">:</span></dt>"
498,Literal String Interpolation,"<dt class=""field-even"">Status<span class=""colon"">:</span></dt>"
497,A standard mechanism for backward compatibility,"<dt class=""field-odd"">Status<span class=""colon"">:</span></dt>"
496,Environment Markers,"<dt class=""field-odd"">Status<span class=""colon"">:</span></dt>"
495,Local Time Disambiguation,"<dt class=""field-odd"">Status<span class=""colon"">:</span></dt>"
494,Python 3.6 Release Schedule,"<dt class=""field-even"">Status<span class=""colon"">:</span></dt>"
492,Coroutines with async and await syntax,"<dt class=""field-odd"">Status<span class=""colon"">:</span></dt>"
491,The Wheel Binary Package Format 1.9,"<dt class=""field-odd"">Status<span class=""colon"">:</span></dt>"
493,HTTPS verification migration tools for Python 2.7,"<dt class=""field-odd"">Status<span class=""colon"">:</span></dt>"
490,Chain exceptions at C level,"<dt class=""field-even"">Status<span class=""colon"">:</span></dt>"
489,Multi-phase extension module initialization,"<dt class=""field-even"">Status<span class=""colon"">:</span></dt>"
486,Make the Python Launcher aware of virtual environments,"<dt class=""field-even"">Status<span class=""colon"">:</span></dt>"
487,Simpler customisation of class creation,"<dt class=""field-even"">Status<span class=""colon"">:</span></dt>"
488,Elimination of PYO files,"<dt class=""field-even"">Status<span class=""colon"">:</span></dt>"
485,A Function for testing approximate equality,"<dt class=""field-even"">Status<span class=""colon"">:</span></dt>"
483,The Theory of Type Hints,"<dt class=""field-odd"">Status<span class=""colon"">:</span></dt>"
484,Type Hints,"<dt class=""field-even"">Status<span class=""colon"">:</span></dt>"
482,Literature Overview for Type Hints,"<dt class=""field-odd"">Status<span class=""colon"">:</span></dt>"
481,"Migrate CPython to Git, Github, and Phabricator","<dt class=""field-even"">Status<span class=""colon"">:</span></dt>"
480,Surviving a Compromise of PyPI: End-to-end signing of packages,"<dt class=""field-even"">Status<span class=""colon"">:</span></dt>"
479,Change StopIteration handling inside generators,"<dt class=""field-even"">Status<span class=""colon"">:</span></dt>"
478,Python 3.5 Release Schedule,"<dt class=""field-even"">Status<span class=""colon"">:</span></dt>"
477,Backport ensurepip (PEP 453) to Python 2.7,"<dt class=""field-odd"">Status<span class=""colon"">:</span></dt>"
476,Enabling certificate verification by default for stdlib http clients,"<dt class=""field-even"">Status<span class=""colon"">:</span></dt>"
475,Retry system calls failing with EINTR,"<dt class=""field-odd"">Status<span class=""colon"">:</span></dt>"
474,Creating forge.python.org,"<dt class=""field-even"">Status<span class=""colon"">:</span></dt>"
473,Adding structured data to built-in exceptions,"<dt class=""field-even"">Status<span class=""colon"">:</span></dt>"
472,Support for indexing with keyword arguments,"<dt class=""field-odd"">Status<span class=""colon"">:</span></dt>"
469,Migration of dict iteration code to Python 3,"<dt class=""field-even"">Status<span class=""colon"">:</span></dt>"
468,Preserving the order of **kwargs in a function.,"<dt class=""field-odd"">Status<span class=""colon"">:</span></dt>"
470,Removing External Hosting Support on PyPI,"<dt class=""field-even"">Status<span class=""colon"">:</span></dt>"
471,os.scandir() function – a better and faster directory iterator,"<dt class=""field-odd"">Status<span class=""colon"">:</span></dt>"
467,Minor API improvements for binary sequences,"<dt class=""field-even"">Status<span class=""colon"">:</span></dt>"
465,A dedicated infix operator for matrix multiplication,"<dt class=""field-even"">Status<span class=""colon"">:</span></dt>"
464,Removal of the PyPI Mirror Authenticity API,"<dt class=""field-even"">Status<span class=""colon"">:</span></dt>"
466,Network Security Enhancements for Python 2.7.x,"<dt class=""field-even"">Status<span class=""colon"">:</span></dt>"
463,Exception-catching expressions,"<dt class=""field-even"">Status<span class=""colon"">:</span></dt>"
462,Core development workflow automation for CPython,"<dt class=""field-even"">Status<span class=""colon"">:</span></dt>"
460,Add binary interpolation and formatting,"<dt class=""field-even"">Status<span class=""colon"">:</span></dt>"
461,Adding % formatting to bytes and bytearray,"<dt class=""field-even"">Status<span class=""colon"">:</span></dt>"
459,Standard Metadata Extensions for Python Software Packages,"<dt class=""field-even"">Status<span class=""colon"">:</span></dt>"
457,Notation For Positional-Only Parameters,"<dt class=""field-odd"">Status<span class=""colon"">:</span></dt>"
455,Adding a key-transforming dictionary to collections,"<dt class=""field-odd"">Status<span class=""colon"">:</span></dt>"
456,Secure and interchangeable hash algorithm,"<dt class=""field-odd"">Status<span class=""colon"">:</span></dt>"
458,Secure PyPI downloads with signed repository metadata,"<dt class=""field-odd"">Status<span class=""colon"">:</span></dt>"
454,Add a new tracemalloc module to trace Python memory allocations,"<dt class=""field-odd"">Status<span class=""colon"">:</span></dt>"
453,Explicit bootstrapping of pip in Python installations,"<dt class=""field-odd"">Status<span class=""colon"">:</span></dt>"
450,Adding A Statistics Module To The Standard Library,"<dt class=""field-even"">Status<span class=""colon"">:</span></dt>"
451,A ModuleSpec Type for the Import System,"<dt class=""field-even"">Status<span class=""colon"">:</span></dt>"
452,API for Cryptographic Hash Functions v2.0,"<dt class=""field-even"">Status<span class=""colon"">:</span></dt>"
449,Removal of the PyPI Mirror Auto Discovery and Naming Scheme,"<dt class=""field-even"">Status<span class=""colon"">:</span></dt>"
448,Additional Unpacking Generalizations,"<dt class=""field-odd"">Status<span class=""colon"">:</span></dt>"
447,Add __getdescriptor__ method to metaclass,"<dt class=""field-even"">Status<span class=""colon"">:</span></dt>"
446,Make newly created file descriptors non-inheritable,"<dt class=""field-even"">Status<span class=""colon"">:</span></dt>"
445,Add new APIs to customize Python memory allocators,"<dt class=""field-odd"">Status<span class=""colon"">:</span></dt>"
443,Single-dispatch generic functions,"<dt class=""field-odd"">Status<span class=""colon"">:</span></dt>"
442,Safe object finalization,"<dt class=""field-odd"">Status<span class=""colon"">:</span></dt>"
444,Python Web3 Interface,"<dt class=""field-odd"">Status<span class=""colon"">:</span></dt>"
439,Inclusion of implicit pip bootstrap in Python installation,"<dt class=""field-even"">Status<span class=""colon"">:</span></dt>"
438,Transitioning to release-file hosting on PyPI,"<dt class=""field-even"">Status<span class=""colon"">:</span></dt>"
437,"A DSL for specifying signatures, annotations and argument converters","<dt class=""field-even"">Status<span class=""colon"">:</span></dt>"
434,IDLE Enhancement Exception for All Branches,"<dt class=""field-odd"">Status<span class=""colon"">:</span></dt>"
440,Version Identification and Dependency Specification,"<dt class=""field-even"">Status<span class=""colon"">:</span></dt>"
441,Improving Python ZIP Application Support,"<dt class=""field-odd"">Status<span class=""colon"">:</span></dt>"
435,Adding an Enum type to the Python standard library,"<dt class=""field-even"">Status<span class=""colon"">:</span></dt>"
436,The Argument Clinic DSL,"<dt class=""field-odd"">Status<span class=""colon"">:</span></dt>"
432,Restructuring the CPython startup sequence,"<dt class=""field-odd"">Status<span class=""colon"">:</span></dt>"
433,Easier suppression of file descriptor inheritance,"<dt class=""field-even"">Status<span class=""colon"">:</span></dt>"
431,Time zone support improvements,"<dt class=""field-odd"">Status<span class=""colon"">:</span></dt>"
429,Python 3.4 Release Schedule,"<dt class=""field-even"">Status<span class=""colon"">:</span></dt>"
430,Migrating to Python 3 as the default online documentation,"<dt class=""field-odd"">Status<span class=""colon"">:</span></dt>"
426,Metadata for Python Software Packages 2.0,"<dt class=""field-even"">Status<span class=""colon"">:</span></dt>"
425,Compatibility Tags for Built Distributions,"<dt class=""field-odd"">Status<span class=""colon"">:</span></dt>"
427,The Wheel Binary Package Format 1.0,"<dt class=""field-even"">Status<span class=""colon"">:</span></dt>"
428,The pathlib module – object-oriented filesystem paths,"<dt class=""field-even"">Status<span class=""colon"">:</span></dt>"
423,Naming conventions and recipes related to packaging,"<dt class=""field-odd"">Status<span class=""colon"">:</span></dt>"
419,Protecting cleanup statements from interruptions,"<dt class=""field-even"">Status<span class=""colon"">:</span></dt>"
424,A method for exposing a length hint,"<dt class=""field-even"">Status<span class=""colon"">:</span></dt>"
422,Simpler customisation of class creation,"<dt class=""field-even"">Status<span class=""colon"">:</span></dt>"
421,Adding sys.implementation,"<dt class=""field-odd"">Status<span class=""colon"">:</span></dt>"
417,Including mock in the Standard Library,"<dt class=""field-even"">Status<span class=""colon"">:</span></dt>"
418,"Add monotonic time, performance counter, and process time functions","<dt class=""field-even"">Status<span class=""colon"">:</span></dt>"
420,Implicit Namespace Packages,"<dt class=""field-even"">Status<span class=""colon"">:</span></dt>"
415,Implement context suppression with exception attributes,"<dt class=""field-odd"">Status<span class=""colon"">:</span></dt>"
416,Add a frozendict builtin type,"<dt class=""field-even"">Status<span class=""colon"">:</span></dt>"
414,Explicit Unicode Literal for Python 3.3,"<dt class=""field-even"">Status<span class=""colon"">:</span></dt>"
412,Key-Sharing Dictionary,"<dt class=""field-even"">Status<span class=""colon"">:</span></dt>"
411,Provisional packages in the Python standard library,"<dt class=""field-even"">Status<span class=""colon"">:</span></dt>"
413,Faster evolution of the Python Standard Library,"<dt class=""field-even"">Status<span class=""colon"">:</span></dt>"
409,Suppressing exception context,"<dt class=""field-even"">Status<span class=""colon"">:</span></dt>"
410,Use decimal.Decimal type for timestamps,"<dt class=""field-even"">Status<span class=""colon"">:</span></dt>"
408,Standard library __preview__ package,"<dt class=""field-even"">Status<span class=""colon"">:</span></dt>"
405,Python Virtual Environments,"<dt class=""field-odd"">Status<span class=""colon"">:</span></dt>"
406,Improved Encapsulation of Import State,"<dt class=""field-even"">Status<span class=""colon"">:</span></dt>"
407,New release cycle and introducing long-term support versions,"<dt class=""field-even"">Status<span class=""colon"">:</span></dt>"
404,Python 2.8 Un-release Schedule,"<dt class=""field-even"">Status<span class=""colon"">:</span></dt>"
403,General purpose decorator clause (aka “@in” clause),"<dt class=""field-even"">Status<span class=""colon"">:</span></dt>"
400,Deprecate codecs.StreamReader and codecs.StreamWriter,"<dt class=""field-even"">Status<span class=""colon"">:</span></dt>"
401,BDFL Retirement,"<dt class=""field-even"">Status<span class=""colon"">:</span></dt>"
402,Simplified Package Layout and Partitioning,"<dt class=""field-even"">Status<span class=""colon"">:</span></dt>"
398,Python 3.3 Release Schedule,"<dt class=""field-even"">Status<span class=""colon"">:</span></dt>"
399,Pure Python/C Accelerator Module Compatibility Requirements,"<dt class=""field-even"">Status<span class=""colon"">:</span></dt>"
396,Module Version Numbers,"<dt class=""field-even"">Status<span class=""colon"">:</span></dt>"
397,Python launcher for Windows,"<dt class=""field-even"">Status<span class=""colon"">:</span></dt>"
394,The “python” Command on Unix-Like Systems,"<dt class=""field-even"">Status<span class=""colon"">:</span></dt>"
395,Qualified Names for Modules,"<dt class=""field-even"">Status<span class=""colon"">:</span></dt>"
393,Flexible String Representation,"<dt class=""field-even"">Status<span class=""colon"">:</span></dt>"
391,Dictionary-Based Configuration For Logging,"<dt class=""field-even"">Status<span class=""colon"">:</span></dt>"
392,Python 3.2 Release Schedule,"<dt class=""field-even"">Status<span class=""colon"">:</span></dt>"
389,argparse - New Command Line Parsing Module,"<dt class=""field-even"">Status<span class=""colon"">:</span></dt>"
390,Static metadata for Distutils,"<dt class=""field-even"">Status<span class=""colon"">:</span></dt>"
386,Changing the version comparison module in Distutils,"<dt class=""field-even"">Status<span class=""colon"">:</span></dt>"
387,Backwards Compatibility Policy,"<dt class=""field-even"">Status<span class=""colon"">:</span></dt>"
383,Non-decodable Bytes in System Character Interfaces,"<dt class=""field-even"">Status<span class=""colon"">:</span></dt>"
384,Defining a Stable ABI,"<dt class=""field-even"">Status<span class=""colon"">:</span></dt>"
382,Namespace Packages,"<dt class=""field-even"">Status<span class=""colon"">:</span></dt>"
381,Mirroring infrastructure for PyPI,"<dt class=""field-even"">Status<span class=""colon"">:</span></dt>"
385,Migrating from Subversion to Mercurial,"<dt class=""field-even"">Status<span class=""colon"">:</span></dt>"
379,Adding an Assignment Expression,"<dt class=""field-even"">Status<span class=""colon"">:</span></dt>"
380,Syntax for Delegating to a Subgenerator,"<dt class=""field-even"">Status<span class=""colon"">:</span></dt>"
377,Allow __enter__() methods to skip the statement body,"<dt class=""field-even"">Status<span class=""colon"">:</span></dt>"
378,Format Specifier for Thousands Separator,"<dt class=""field-even"">Status<span class=""colon"">:</span></dt>"
376,Database of Installed Python Distributions,"<dt class=""field-even"">Status<span class=""colon"">:</span></dt>"
374,Choosing a distributed VCS for the Python project,"<dt class=""field-even"">Status<span class=""colon"">:</span></dt>"
375,Python 3.1 Release Schedule,"<dt class=""field-even"">Status<span class=""colon"">:</span></dt>"
373,Python 2.7 Release Schedule,"<dt class=""field-even"">Status<span class=""colon"">:</span></dt>"
372,Adding an ordered dictionary to collections,"<dt class=""field-even"">Status<span class=""colon"">:</span></dt>"
371,Addition of the multiprocessing package to the standard library,"<dt class=""field-even"">Status<span class=""colon"">:</span></dt>"
370,Per user site-packages directory,"<dt class=""field-even"">Status<span class=""colon"">:</span></dt>"
369,Post import hooks,"<dt class=""field-even"">Status<span class=""colon"">:</span></dt>"
367,New Super,"<dt class=""field-even"">Status<span class=""colon"">:</span></dt>"
368,Standard image protocol and class,"<dt class=""field-even"">Status<span class=""colon"">:</span></dt>"
366,Main module explicit relative imports,"<dt class=""field-even"">Status<span class=""colon"">:</span></dt>"
365,Adding the pkg_resources module,"<dt class=""field-even"">Status<span class=""colon"">:</span></dt>"
364,Transitioning to the Py3K Standard Library,"<dt class=""field-even"">Status<span class=""colon"">:</span></dt>"
363,Syntax For Dynamic Attribute Access,"<dt class=""field-even"">Status<span class=""colon"">:</span></dt>"
360,Externally Maintained Packages,"<dt class=""field-even"">Status<span class=""colon"">:</span></dt>"
361,Python 2.6 and 3.0 Release Schedule,"<dt class=""field-even"">Status<span class=""colon"">:</span></dt>"
362,Function Signature Object,"<dt class=""field-even"">Status<span class=""colon"">:</span></dt>"
357,Allowing Any Object to be Used for Slicing,"<dt class=""field-even"">Status<span class=""colon"">:</span></dt>"
356,Python 2.5 Release Schedule,"<dt class=""field-even"">Status<span class=""colon"">:</span></dt>"
358,The “bytes” Object,"<dt class=""field-even"">Status<span class=""colon"">:</span></dt>"
359,The “make” Statement,"<dt class=""field-even"">Status<span class=""colon"">:</span></dt>"
355,Path - Object oriented filesystem paths,"<dt class=""field-even"">Status<span class=""colon"">:</span></dt>"
353,Using ssize_t as the index type,"<dt class=""field-even"">Status<span class=""colon"">:</span></dt>"
354,Enumerations in Python,"<dt class=""field-even"">Status<span class=""colon"">:</span></dt>"
350,Codetags,"<dt class=""field-even"">Status<span class=""colon"">:</span></dt>"
352,Required Superclass for Exceptions,"<dt class=""field-even"">Status<span class=""colon"">:</span></dt>"
349,Allow str() to return unicode strings,"<dt class=""field-even"">Status<span class=""colon"">:</span></dt>"
351,The freeze protocol,"<dt class=""field-even"">Status<span class=""colon"">:</span></dt>"
347,Migrating the Python CVS to Subversion,"<dt class=""field-odd"">Status<span class=""colon"">:</span></dt>"
348,Exception Reorganization for Python 3.0,"<dt class=""field-even"">Status<span class=""colon"">:</span></dt>"
345,Metadata for Python Software Packages 1.2,"<dt class=""field-odd"">Status<span class=""colon"">:</span></dt>"
346,User Defined (”,"<dt class=""field-even"">Status<span class=""colon"">:</span></dt>"
344,Exception Chaining and Embedded Tracebacks,"<dt class=""field-even"">Status<span class=""colon"">:</span></dt>"
343,The “with” Statement,"<dt class=""field-even"">Status<span class=""colon"">:</span></dt>"
341,Unifying try-except and try-finally,"<dt class=""field-even"">Status<span class=""colon"">:</span></dt>"
342,Coroutines via Enhanced Generators,"<dt class=""field-even"">Status<span class=""colon"">:</span></dt>"
339,Design of the CPython Compiler,"<dt class=""field-even"">Status<span class=""colon"">:</span></dt>"
340,Anonymous Block Statements,"<dt class=""field-even"">Status<span class=""colon"">:</span></dt>"
338,Executing modules as scripts,"<dt class=""field-even"">Status<span class=""colon"">:</span></dt>"
337,Logging Usage in the Standard Library,"<dt class=""field-even"">Status<span class=""colon"">:</span></dt>"
335,Overloadable Boolean Operators,"<dt class=""field-even"">Status<span class=""colon"">:</span></dt>"
336,Make None Callable,"<dt class=""field-even"">Status<span class=""colon"">:</span></dt>"
334,Simple Coroutines via SuspendIteration,"<dt class=""field-even"">Status<span class=""colon"">:</span></dt>"
333,Python Web Server Gateway Interface v1.0,"<dt class=""field-odd"">Status<span class=""colon"">:</span></dt>"
332,Byte vectors and String/Unicode Unification,"<dt class=""field-even"">Status<span class=""colon"">:</span></dt>"
331,Locale-Independent Float/String Conversions,"<dt class=""field-even"">Status<span class=""colon"">:</span></dt>"
330,Python Bytecode Verification,"<dt class=""field-even"">Status<span class=""colon"">:</span></dt>"
328,Imports: Multi-Line and Absolute/Relative,"<dt class=""field-even"">Status<span class=""colon"">:</span></dt>"
329,Treating Builtins as Constants in the Standard Library,"<dt class=""field-even"">Status<span class=""colon"">:</span></dt>"
327,Decimal Data Type,"<dt class=""field-even"">Status<span class=""colon"">:</span></dt>"
326,A Case for Top and Bottom Values,"<dt class=""field-even"">Status<span class=""colon"">:</span></dt>"
325,Resource-Release Support for Generators,"<dt class=""field-even"">Status<span class=""colon"">:</span></dt>"
324,subprocess - New process module,"<dt class=""field-even"">Status<span class=""colon"">:</span></dt>"
323,Copyable Iterators,"<dt class=""field-even"">Status<span class=""colon"">:</span></dt>"
322,Reverse Iteration,"<dt class=""field-even"">Status<span class=""colon"">:</span></dt>"
321,Date/Time Parsing and Formatting,"<dt class=""field-even"">Status<span class=""colon"">:</span></dt>"
319,Python Synchronize/Asynchronize Block,"<dt class=""field-even"">Status<span class=""colon"">:</span></dt>"
317,Eliminate Implicit Exception Instantiation,"<dt class=""field-even"">Status<span class=""colon"">:</span></dt>"
318,Decorators for Functions and Methods,"<dt class=""field-even"">Status<span class=""colon"">:</span></dt>"
320,Python 2.4 Release Schedule,"<dt class=""field-even"">Status<span class=""colon"">:</span></dt>"
316,Programming by Contract for Python,"<dt class=""field-even"">Status<span class=""colon"">:</span></dt>"
314,Metadata for Python Software Packages 1.1,"<dt class=""field-odd"">Status<span class=""colon"">:</span></dt>"
315,Enhanced While Loop,"<dt class=""field-even"">Status<span class=""colon"">:</span></dt>"
313,Adding Roman Numeral Literals to Python,"<dt class=""field-even"">Status<span class=""colon"">:</span></dt>"
312,Simple Implicit Lambda,"<dt class=""field-even"">Status<span class=""colon"">:</span></dt>"
311,Simplified Global Interpreter Lock Acquisition for Extensions,"<dt class=""field-even"">Status<span class=""colon"">:</span></dt>"
310,Reliable Acquisition/Release Pairs,"<dt class=""field-even"">Status<span class=""colon"">:</span></dt>"
309,Partial Function Application,"<dt class=""field-even"">Status<span class=""colon"">:</span></dt>"
308,Conditional Expressions,"<dt class=""field-even"">Status<span class=""colon"">:</span></dt>"
307,Extensions to the pickle protocol,"<dt class=""field-even"">Status<span class=""colon"">:</span></dt>"
306,How to Change Python’s Grammar,"<dt class=""field-even"">Status<span class=""colon"">:</span></dt>"
305,CSV File API,"<dt class=""field-odd"">Status<span class=""colon"">:</span></dt>"
304,Controlling Generation of Bytecode Files,"<dt class=""field-even"">Status<span class=""colon"">:</span></dt>"
301,Package Index and Metadata for Distutils,"<dt class=""field-even"">Status<span class=""colon"">:</span></dt>"
303,Extend divmod() for Multiple Divisors,"<dt class=""field-even"">Status<span class=""colon"">:</span></dt>"
302,New Import Hooks,"<dt class=""field-even"">Status<span class=""colon"">:</span></dt>"
299,Special __main__() function in modules,"<dt class=""field-even"">Status<span class=""colon"">:</span></dt>"
298,The Locked Buffer Interface,"<dt class=""field-even"">Status<span class=""colon"">:</span></dt>"
297,Support for System Upgrades,"<dt class=""field-even"">Status<span class=""colon"">:</span></dt>"
295,Interpretation of multiline string constants,"<dt class=""field-even"">Status<span class=""colon"">:</span></dt>"
296,Adding a bytes Object Type,"<dt class=""field-even"">Status<span class=""colon"">:</span></dt>"
294,Type Names in the types Module,"<dt class=""field-even"">Status<span class=""colon"">:</span></dt>"
293,Codec Error Handling Callbacks,"<dt class=""field-even"">Status<span class=""colon"">:</span></dt>"
291,Backward Compatibility for the Python 2 Standard Library,"<dt class=""field-even"">Status<span class=""colon"">:</span></dt>"
292,Simpler String Substitutions,"<dt class=""field-even"">Status<span class=""colon"">:</span></dt>"
290,Code Migration and Modernization,"<dt class=""field-even"">Status<span class=""colon"">:</span></dt>"
289,Generator Expressions,"<dt class=""field-even"">Status<span class=""colon"">:</span></dt>"
287,reStructuredText Docstring Format,"<dt class=""field-odd"">Status<span class=""colon"">:</span></dt>"
288,Generators Attributes and Exceptions,"<dt class=""field-even"">Status<span class=""colon"">:</span></dt>"
284,Integer for-loops,"<dt class=""field-even"">Status<span class=""colon"">:</span></dt>"
285,Adding a bool type,"<dt class=""field-even"">Status<span class=""colon"">:</span></dt>"
286,Enhanced Argument Tuples,"<dt class=""field-even"">Status<span class=""colon"">:</span></dt>"
282,A Logging System,"<dt class=""field-even"">Status<span class=""colon"">:</span></dt>"
283,Python 2.3 Release Schedule,"<dt class=""field-even"">Status<span class=""colon"">:</span></dt>"
281,Loop Counter Iteration with range and xrange,"<dt class=""field-even"">Status<span class=""colon"">:</span></dt>"
280,Optimizing access to globals,"<dt class=""field-even"">Status<span class=""colon"">:</span></dt>"
279,The enumerate() built-in function,"<dt class=""field-even"">Status<span class=""colon"">:</span></dt>"
277,Unicode file name support for Windows NT,"<dt class=""field-even"">Status<span class=""colon"">:</span></dt>"
278,Universal Newline Support,"<dt class=""field-even"">Status<span class=""colon"">:</span></dt>"
274,Dict Comprehensions,"<dt class=""field-even"">Status<span class=""colon"">:</span></dt>"
275,Switching on Multiple Values,"<dt class=""field-even"">Status<span class=""colon"">:</span></dt>"
276,Simple Iterator for ints,"<dt class=""field-even"">Status<span class=""colon"">:</span></dt>"
271,Prefixing sys.path by command line option,"<dt class=""field-even"">Status<span class=""colon"">:</span></dt>"
272,API for Block Encryption Algorithms v1.0,"<dt class=""field-even"">Status<span class=""colon"">:</span></dt>"
273,Import Modules from Zip Archives,"<dt class=""field-even"">Status<span class=""colon"">:</span></dt>"
270,uniq method for list objects,"<dt class=""field-even"">Status<span class=""colon"">:</span></dt>"
269,Pgen Module for Python,"<dt class=""field-even"">Status<span class=""colon"">:</span></dt>"
267,Optimized Access to Module Namespaces,"<dt class=""field-even"">Status<span class=""colon"">:</span></dt>"
268,Extended HTTP functionality and WebDAV,"<dt class=""field-even"">Status<span class=""colon"">:</span></dt>"
266,Optimizing Global Variable/Attribute Access,"<dt class=""field-even"">Status<span class=""colon"">:</span></dt>"
265,Sorting Dictionaries by Value,"<dt class=""field-even"">Status<span class=""colon"">:</span></dt>"
264,Future statements in simulated shells,"<dt class=""field-even"">Status<span class=""colon"">:</span></dt>"
262,A Database of Installed Python Packages,"<dt class=""field-even"">Status<span class=""colon"">:</span></dt>"
261,Support for “wide” Unicode characters,"<dt class=""field-even"">Status<span class=""colon"">:</span></dt>"
260,Simplify xrange(),"<dt class=""field-even"">Status<span class=""colon"">:</span></dt>"
263,Defining Python Source Code Encodings,"<dt class=""field-even"">Status<span class=""colon"">:</span></dt>"
258,Docutils Design Specification,"<dt class=""field-odd"">Status<span class=""colon"">:</span></dt>"
259,Omit printing newline after newline,"<dt class=""field-even"">Status<span class=""colon"">:</span></dt>"
254,Making Classes Look More Like Types,"<dt class=""field-even"">Status<span class=""colon"">:</span></dt>"
255,Simple Generators,"<dt class=""field-even"">Status<span class=""colon"">:</span></dt>"
256,Docstring Processing System Framework,"<dt class=""field-odd"">Status<span class=""colon"">:</span></dt>"
237,Unifying Long Integers and Integers,"<dt class=""field-even"">Status<span class=""colon"">:</span></dt>"
238,Changing the Division Operator,"<dt class=""field-even"">Status<span class=""colon"">:</span></dt>"
257,Docstring Conventions,"<dt class=""field-odd"">Status<span class=""colon"">:</span></dt>"
236,Back to the __future__,"<dt class=""field-even"">Status<span class=""colon"">:</span></dt>"
234,Iterators,"<dt class=""field-even"">Status<span class=""colon"">:</span></dt>"
235,Import on Case-Insensitive Platforms,"<dt class=""field-even"">Status<span class=""colon"">:</span></dt>"
232,Function Attributes,"<dt class=""field-even"">Status<span class=""colon"">:</span></dt>"
233,Python Online Help,"<dt class=""field-even"">Status<span class=""colon"">:</span></dt>"
230,Warning Framework,"<dt class=""field-even"">Status<span class=""colon"">:</span></dt>"
231,__findattr__(),"<dt class=""field-even"">Status<span class=""colon"">:</span></dt>"
227,Statically Nested Scopes,"<dt class=""field-even"">Status<span class=""colon"">:</span></dt>"
228,Reworking Python’s Numeric Model,"<dt class=""field-even"">Status<span class=""colon"">:</span></dt>"
229,Using Distutils to Build Python,"<dt class=""field-even"">Status<span class=""colon"">:</span></dt>"
225,Elementwise/Objectwise Operators,"<dt class=""field-even"">Status<span class=""colon"">:</span></dt>"
226,Python 2.1 Release Schedule,"<dt class=""field-even"">Status<span class=""colon"">:</span></dt>"
222,Web Library Enhancements,"<dt class=""field-even"">Status<span class=""colon"">:</span></dt>"
223,Change the Meaning of ,"<dt class=""field-even"">Status<span class=""colon"">:</span></dt>"
224,Attribute Docstrings,"<dt class=""field-even"">Status<span class=""colon"">:</span></dt>"
221,Import As,"<dt class=""field-even"">Status<span class=""colon"">:</span></dt>"
219,Stackless Python,"<dt class=""field-even"">Status<span class=""colon"">:</span></dt>"
220,"Coroutines, Generators, Continuations","<dt class=""field-even"">Status<span class=""colon"">:</span></dt>"
218,Adding a Built-In Set Object Type,"<dt class=""field-even"">Status<span class=""colon"">:</span></dt>"
217,Display Hook for Interactive Use,"<dt class=""field-even"">Status<span class=""colon"">:</span></dt>"
214,Extended Print Statement,"<dt class=""field-even"">Status<span class=""colon"">:</span></dt>"
216,Docstring Format,"<dt class=""field-even"">Status<span class=""colon"">:</span></dt>"
215,String Interpolation,"<dt class=""field-even"">Status<span class=""colon"">:</span></dt>"
210,Decoupling the Interpreter Loop,"<dt class=""field-even"">Status<span class=""colon"">:</span></dt>"
211,Adding A New Outer Product Operator,"<dt class=""field-even"">Status<span class=""colon"">:</span></dt>"
213,Attribute Access Handlers,"<dt class=""field-even"">Status<span class=""colon"">:</span></dt>"
212,Loop Counter Iteration,"<dt class=""field-even"">Status<span class=""colon"">:</span></dt>"
209,Multi-dimensional Arrays,"<dt class=""field-even"">Status<span class=""colon"">:</span></dt>"
207,Rich Comparisons,"<dt class=""field-even"">Status<span class=""colon"">:</span></dt>"
205,Weak References,"<dt class=""field-even"">Status<span class=""colon"">:</span></dt>"
206,Python Advanced Library,"<dt class=""field-even"">Status<span class=""colon"">:</span></dt>"
208,Reworking the Coercion Model,"<dt class=""field-even"">Status<span class=""colon"">:</span></dt>"
202,List Comprehensions,"<dt class=""field-even"">Status<span class=""colon"">:</span></dt>"
203,Augmented Assignments,"<dt class=""field-even"">Status<span class=""colon"">:</span></dt>"
204,Range Literals,"<dt class=""field-even"">Status<span class=""colon"">:</span></dt>"
201,Lockstep Iteration,"<dt class=""field-even"">Status<span class=""colon"">:</span></dt>"
103,Collecting information about git,"<dt class=""field-even"">Status<span class=""colon"">:</span></dt>"
160,Python 1.6 Release Schedule,"<dt class=""field-even"">Status<span class=""colon"">:</span></dt>"
200,Python 2.0 Release Schedule,"<dt class=""field-even"">Status<span class=""colon"">:</span></dt>"
102,Doing Python Micro Releases,"<dt class=""field-even"">Status<span class=""colon"">:</span></dt>"
100,Python Unicode Integration,"<dt class=""field-even"">Status<span class=""colon"">:</span></dt>"
101,Doing Python Releases 101,"<dt class=""field-even"">Status<span class=""colon"">:</span></dt>"
20,The Zen of Python,"<dt class=""field-even"">Status<span class=""colon"">:</span></dt>"
42,Feature Requests,"<dt class=""field-even"">Status<span class=""colon"">:</span></dt>"
13,Python Language Governance,"<dt class=""field-even"">Status<span class=""colon"">:</span></dt>"
12,Sample reStructuredText PEP Template,"<dt class=""field-even"">Status<span class=""colon"">:</span></dt>"
11,CPython platform support,"<dt class=""field-even"">Status<span class=""colon"">:</span></dt>"
10,Voting Guidelines,"<dt class=""field-even"">Status<span class=""colon"">:</span></dt>"
7,Style Guide for C Code,"<dt class=""field-even"">Status<span class=""colon"">:</span></dt>"
8,Style Guide for Python Code,"<dt class=""field-even"">Status<span class=""colon"">:</span></dt>"
9,Sample Plaintext PEP Template,"<dt class=""field-even"">Status<span class=""colon"">:</span></dt>"
4,Deprecation of Standard Modules,"<dt class=""field-even"">Status<span class=""colon"">:</span></dt>"
6,Bug Fix Releases,"<dt class=""field-even"">Status<span class=""colon"">:</span></dt>"
2,Procedure for Adding New Modules,"<dt class=""field-even"">Status<span class=""colon"">:</span></dt>"
3,Guidelines for Handling Bug Reports,"<dt class=""field-even"">Status<span class=""colon"">:</span></dt>"
5,Guidelines for Language Evolution,"<dt class=""field-even"">Status<span class=""colon"">:</span></dt>"
